,MODEL_NAME,MAPE
0,LSTM,0.20305876
0,RNN,0.12559152
0,GRU,0.28829902
0,BLSTM,0.3183481
0,BRNN,0.39077553
0,BGRU,0.55534464
