,MODEL_NAME,MAPE
0,LSTM,0.29682168
0,RNN,0.26876032
0,GRU,0.3038629
0,BLSTM,0.4539761
0,BRNN,0.3882245
0,BGRU,0.3445409
